Tracker,Game_Date,Home_Team,Away_Team,Quarter,Game_Clock,Shot_Clock,Home_Strength,Away_Strength,Team,Event_Type,State,Player1,Location1_x,Location1_y,Net_Location,Shot_Angle,Result,Empty_Net,Goalie_Response,Shot_Type,Primary_Assist,Secondary_Assist,Rebound_Type,Rebound,Shot_Blocker,FO_Home,FO_Away,FO_Result,FO_Winning_Team,Turnover_Type,Home_Goalie,Away_Goalie,Min,Sec,Time_Stamp,Game,Season,Player1_Name,Primary_Assist_Name,Secondary_Assist_Name,FO_Home_Name,FO_Away_Name,Home_Goalie_Name,Away_Goalie_Name,Rebound_Team,Rebound_Name,Shot_Blocking_Team,Shot_Blocker_Name
Eddy,4/20/24,Germany,Ireland,1,5:33,13,5,5,Germany,Turnover,Set,77,0.803061187,0.025022661,NA,NA,NA,NA,NA,NA,NA,NA,NA,NA,NA,NA,NA,NA,NA,Ball Lost,4,0,5,33,567,4-20 Germany vs Ireland,2023,P. Olters,NA,NA,NA,NA,J. Laux,J. McMillan,No Rebound,NA,No Shot Block,NA
Eddy,4/20/24,Germany,Ireland,1,5:48,18,5,5,Ireland,Shot,Transition,24,0.110078819,0.446216286,Left Shoulder,164.1028815,Goal,No,none,Movement,NA,NA,NA,NA,NA,NA,NA,NA,NA,NA,4,0,5,48,552,4-20 Germany vs Ireland,2023,P. Corbett,NA,NA,NA,NA,J. Laux,J. McMillan,No Rebound,NA,No Shot Block,NA
Eddy,4/20/24,Germany,Ireland,1,6:45,4,5,5,Germany,Shot,Set,77,0.794627324,0.317163694,Left Leg,289.1294666,Miss,No,Not Clean,Assisted,52,NA,Defensive,7,NA,NA,NA,NA,NA,NA,4,0,6,45,495,4-20 Germany vs Ireland,2023,P. Olters,G. Weber,NA,NA,NA,J. Laux,J. McMillan,Ireland,N. D'Amico,No Shot Block,NA
Eddy,4/20/24,Germany,Ireland,1,7:21,4,5,4,Germany,Shot,Set,77,0.856475649,0.457561569,Right Miss,36.45256515,Miss,No,Not On Net,Assisted,53,NA,Offensive,52,NA,NA,NA,NA,NA,NA,4,0,7,21,459,4-20 Germany vs Ireland,2023,P. Olters,L. Stetzka,NA,NA,NA,J. Laux,J. McMillan,Germany,G. Weber,No Shot Block,NA
Eddy,4/20/24,Germany,Ireland,1,8:12,11,5,4,Germany,Shot,Set,77,0.86069258,0.310072892,5-Hole,287.3078648,Miss,No,Clean Save,Assisted,47,NA,NA,NA,NA,NA,NA,NA,NA,NA,4,0,8,12,408,4-20 Germany vs Ireland,2023,P. Olters,L. Böhm,NA,NA,NA,J. Laux,J. McMillan,No Rebound,NA,No Shot Block,NA
Eddy,4/20/24,Germany,Ireland,1,8:41,9,5,4,Ireland,Turnover,Set,88,0.225341607,0.850391987,NA,NA,NA,NA,NA,NA,NA,NA,NA,NA,NA,NA,NA,NA,NA,Stray Pass,4,0,8,41,379,4-20 Germany vs Ireland,2023,B. Gillis,NA,NA,NA,NA,J. Laux,J. McMillan,No Rebound,NA,No Shot Block,NA
Eddy,4/20/24,Germany,Ireland,1,8:47,30,5,4,Germany,Turnover,Transition,4,0.029254304,0.406507796,NA,NA,NA,NA,NA,NA,NA,NA,NA,NA,NA,NA,NA,NA,NA,Stray Pass,4,0,8,47,373,4-20 Germany vs Ireland,2023,J. Laux,NA,NA,NA,NA,J. Laux,J. McMillan,No Rebound,NA,No Shot Block,NA
Eddy,4/20/24,Germany,Ireland,1,9:19,4,5,4,Ireland,Shot,Set,14,0.116404216,0.504360861,Right Leg,201.6455885,Miss,No,Clean Save,Assisted,90,NA,NA,NA,NA,NA,NA,NA,NA,NA,4,0,9,19,341,4-20 Germany vs Ireland,2023,P. Brosnan,S. Keane,NA,NA,NA,J. Laux,J. McMillan,No Rebound,NA,No Shot Block,NA
Eddy,4/20/24,Germany,Ireland,1,9:40,13,5,5,Germany,Shot,Set,77,0.867017977,0.362544825,Right Miss,261.9085651,Miss,No,Not On Net,Assisted,47,NA,Offensive,77,NA,NA,NA,NA,NA,NA,4,0,9,40,320,4-20 Germany vs Ireland,2023,P. Olters,L. Böhm,NA,NA,NA,J. Laux,J. McMillan,Germany,P. Olters,No Shot Block,NA
Eddy,4/20/24,Germany,Ireland,1,9:46,8,5,5,Germany,Shot,Set,49,0.777759599,0.527051426,Left Leg,155.9267741,Miss,No,Not Clean,Assisted,77,NA,Defensive,9,NA,NA,NA,NA,NA,NA,4,0,9,46,314,4-20 Germany vs Ireland,2023,L. Nöring,P. Olters,NA,NA,NA,J. Laux,J. McMillan,Ireland,P. Rasimowicsz,No Shot Block,NA
Eddy,4/20/24,Germany,Ireland,1,10:11,6,5,5,Ireland,Turnover,Set,17,0.289298397,0.833374063,NA,NA,NA,NA,NA,NA,NA,NA,NA,NA,NA,NA,NA,NA,NA,Interrupted Pass,4,0,10,11,289,4-20 Germany vs Ireland,2023,B. Farrell,NA,NA,NA,NA,J. Laux,J. McMillan,No Rebound,NA,No Shot Block,NA
Eddy,4/20/24,Germany,Ireland,1,10:26,20,5,5,Germany,Turnover,Transition,34,0.52685219,0.068985632,NA,NA,NA,NA,NA,NA,NA,NA,NA,NA,NA,NA,NA,NA,NA,Ball Lost,4,0,10,26,274,4-20 Germany vs Ireland,2023,T. Sander,NA,NA,NA,NA,J. Laux,J. McMillan,No Rebound,NA,No Shot Block,NA
Eddy,4/20/24,Germany,Ireland,1,10:42,21,5,5,Ireland,Turnover,Set,88,0.185983582,0.90144576,NA,NA,NA,NA,NA,NA,NA,NA,NA,NA,NA,NA,NA,NA,NA,Interrupted Pass,4,0,10,42,258,4-20 Germany vs Ireland,2023,B. Gillis,NA,NA,NA,NA,J. Laux,J. McMillan,No Rebound,NA,No Shot Block,NA
Eddy,4/20/24,Germany,Ireland,1,10:51,28,5,5,Germany,Turnover,Transition,59,0.132569119,0.039204265,NA,NA,NA,NA,NA,NA,NA,NA,NA,NA,NA,NA,NA,NA,NA,Ball Lost,4,0,10,51,249,4-20 Germany vs Ireland,2023,B. Wendt,NA,NA,NA,NA,J. Laux,J. McMillan,No Rebound,NA,No Shot Block,NA
Eddy,4/20/24,Germany,Ireland,1,11:28,14,5,5,Ireland,Shot,Set,87,0.221827497,0.46323421,Right Leg,69.11442869,Goal,No,none,Assisted,88,NA,NA,NA,NA,NA,NA,NA,NA,NA,4,0,11,28,212,4-20 Germany vs Ireland,2023,B. O'Sullivan,B. Gillis,NA,NA,NA,J. Laux,J. McMillan,No Rebound,NA,No Shot Block,NA
Eddy,4/20/24,Germany,Ireland,1,12:14,12,5,5,Germany,Shot,Set,47,0.750349546,0.409344117,Top Miss,214.2183621,Miss,No,Not On Net,Movement,NA,NA,Defensive,7,NA,NA,NA,NA,NA,NA,4,0,12,14,166,4-20 Germany vs Ireland,2023,L. Böhm,NA,NA,NA,NA,J. Laux,J. McMillan,Ireland,N. D'Amico,No Shot Block,NA
Eddy,4/20/24,Germany,Ireland,1,12:20,28,5,5,Ireland,Turnover,Transition,78,0.641412156,0.678794584,NA,NA,NA,NA,NA,NA,NA,NA,NA,NA,NA,NA,NA,NA,NA,Stray Pass,4,0,12,20,160,4-20 Germany vs Ireland,2023,S. Gibson,NA,NA,NA,NA,J. Laux,J. McMillan,No Rebound,NA,No Shot Block,NA
Eddy,4/20/24,Germany,Ireland,1,12:46,13,5,5,Germany,Shot,Set,77,0.878263127,0.41927124,Under Left Arm,217.6390626,Miss,No,Clean Save,Assisted,58,NA,NA,NA,NA,NA,NA,NA,NA,NA,4,0,12,46,134,4-20 Germany vs Ireland,2023,P. Olters,P. Weber,NA,NA,NA,J. Laux,J. McMillan,No Rebound,NA,No Shot Block,NA
Eddy,4/20/24,Germany,Ireland,1,13:15,3,5,5,Ireland,Shot,Set,17,0.245020619,0.54123303,Right Leg,252.7434182,Goal,No,none,Assisted,87,NA,NA,NA,NA,NA,NA,NA,NA,NA,4,0,13,15,105,4-20 Germany vs Ireland,2023,B. Farrell,B. O'Sullivan,NA,NA,NA,J. Laux,J. McMillan,No Rebound,NA,No Shot Block,NA
Eddy,4/20/24,Germany,Ireland,1,14:13,12,5,5,Germany,Shot,Set,77,0.863503868,0.337017939,Right Leg,264.4089315,Miss,No,Not Clean,Movement,NA,NA,Defensive,78,NA,NA,NA,NA,NA,NA,4,0,14,13,47,4-20 Germany vs Ireland,2023,P. Olters,NA,NA,NA,NA,J. Laux,J. McMillan,Ireland,S. Gibson,No Shot Block,NA
Eddy,4/20/24,Germany,Ireland,1,14:44,2,5,5,Ireland,Shot,Set,14,0.112187285,0.527051426,Right Shoulder,198.2553927,Miss,No,Not Clean,Assisted,88,NA,Defensive,75,NA,NA,NA,NA,NA,NA,4,0,14,44,16,4-20 Germany vs Ireland,2023,P. Brosnan,B. Gillis,NA,NA,NA,J. Laux,J. McMillan,Germany,J. Truetsch,No Shot Block,NA
Eddy,4/20/24,Germany,Ireland,1,15:45,7,5,5,Ireland,Shot,Set,17,0.18528076,0.690139867,Right Leg,206.532838,Miss,No,Not Clean,Assisted,24,NA,Offensive,88,NA,NA,NA,NA,NA,NA,4,0,15,45,-45,4-20 Germany vs Ireland,2023,B. Farrell,P. Corbett,NA,NA,NA,J. Laux,J. McMillan,Ireland,B. Gillis,No Shot Block,NA
Eddy,4/20/24,Germany,Ireland,1,15:52,29,5,5,Ireland,Shot,Set,88,0.192308979,0.470325012,Left Leg,270.3412729,Goal,No,none,Movement,NA,NA,NA,NA,NA,NA,NA,NA,NA,NA,4,0,15,52,-52,4-20 Germany vs Ireland,2023,B. Gillis,NA,NA,NA,NA,J. Laux,J. McMillan,No Rebound,NA,No Shot Block,NA
Eddy,4/20/24,Germany,Ireland,1,17:02,23,5,5,Ireland,Turnover,Transition,87,0.464301044,0.424943881,NA,NA,NA,NA,NA,NA,NA,NA,NA,NA,NA,NA,NA,NA,NA,Ball Lost,4,0,17,2,-122,4-20 Germany vs Ireland,2023,B. O'Sullivan,NA,NA,NA,NA,J. Laux,J. McMillan,No Rebound,NA,No Shot Block,NA
Eddy,4/20/24,Germany,Ireland,1,17:08,27,5,5,Germany,Turnover,Transition,34,0.81571198,0.881591515,NA,NA,NA,NA,NA,NA,NA,NA,NA,NA,NA,NA,NA,NA,NA,Ball Lost,4,0,17,8,-128,4-20 Germany vs Ireland,2023,T. Sander,NA,NA,NA,NA,J. Laux,J. McMillan,No Rebound,NA,No Shot Block,NA
Eddy,4/20/24,Germany,Ireland,1,17:54,27,5,5,Ireland,Shot,Transition,8,0.181766651,0.436289164,Left Leg,65.3385299,Miss,No,Not Clean,Movement,NA,NA,Defensive,55,NA,NA,NA,NA,NA,NA,4,0,17,54,-174,4-20 Germany vs Ireland,2023,D. O'Gorman,NA,NA,NA,NA,J. Laux,J. McMillan,Germany,D. Beckmann,No Shot Block,NA
Eddy,4/20/24,Germany,Ireland,1,19:07,27,5,4,Germany,Shot,Set,52,0.842419212,0.490179257,Right Miss,276.0762692,Miss,No,Not Clean,Assisted,53,NA,Offensive,77,NA,NA,NA,NA,NA,NA,4,0,19,7,-247,4-20 Germany vs Ireland,2023,G. Weber,L. Stetzka,NA,NA,NA,J. Laux,J. McMillan,Germany,P. Olters,No Shot Block,NA
Eddy,4/20/24,Germany,Ireland,1,19:18,11,5,4,Germany,Shot,Set,47,0.81571198,0.351199543,5-Hole,211.1336792,Goal,No,none,Assisted,77,53,NA,NA,NA,NA,NA,NA,NA,NA,4,0,19,18,-258,4-20 Germany vs Ireland,2023,L. Böhm,P. Olters,L. Stetzka,NA,NA,J. Laux,J. McMillan,No Rebound,NA,No Shot Block,NA
Eddy,4/20/24,Germany,Ireland,1,20:04,22,5,5,Germany,Turnover,Transition,44,0.795330146,0.518542464,NA,NA,NA,NA,NA,NA,NA,NA,NA,NA,NA,NA,NA,NA,NA,Ball Lost,4,0,20,4,-304,4-20 Germany vs Ireland,2023,K. Sontowski,NA,NA,NA,NA,J. Laux,J. McMillan,No Rebound,NA,No Shot Block,NA
Eddy,4/20/24,Germany,Ireland,1,20:37,4,5,5,Ireland,Shot,Set,14,0.118512682,0.332763458,Right Miss,256.6276725,Miss,No,Not On Net,Movement,NA,NA,Offensive,24,NA,NA,NA,NA,NA,NA,4,0,20,37,-337,4-20 Germany vs Ireland,2023,P. Brosnan,NA,NA,NA,NA,J. Laux,J. McMillan,Ireland,P. Corbett,No Shot Block,NA
Eddy,4/20/24,Germany,Ireland,1,20:56,12,5,5,Germany,Shot,Set,77,0.862801046,0.34269058,Right Shoulder,217.1027482,Miss,No,Not On Net,Movement,NA,NA,None,NA,NA,NA,NA,NA,NA,NA,4,0,20,56,-356,4-20 Germany vs Ireland,2023,P. Olters,NA,NA,NA,NA,J. Laux,J. McMillan,No Rebound,NA,No Shot Block,NA
Eddy,4/20/24,Germany,Ireland,1,21:30,15,5,5,Ireland,Shot,Set,90,0.171927144,0.294473128,NA,87.8145104,Blocked,No,NA,Movement,NA,NA,Defensive,59,54,NA,NA,NA,NA,NA,4,0,21,30,-390,4-20 Germany vs Ireland,2023,S. Keane,NA,NA,NA,NA,J. Laux,J. McMillan,Germany,B. Wendt,Germany,P. Schilling
Eddy,4/20/24,Germany,Ireland,1,22:04,24,5,5,Ireland,Shot,Set,14,0.231667004,0.399416995,Right Miss,225.7114258,Miss,No,Not On Net,Assisted,90,NA,Offensive,88,NA,NA,NA,NA,NA,NA,4,0,22,4,-424,4-20 Germany vs Ireland,2023,P. Brosnan,S. Keane,NA,NA,NA,J. Laux,J. McMillan,Ireland,B. Gillis,No Shot Block,NA
Eddy,4/20/24,Germany,Ireland,1,22:09,20,5,5,Ireland,Shot,Set,88,0.197228732,0.649013217,5-Hole,262.8525926,Miss,No,Clean Save,Movement,NA,NA,NA,NA,NA,NA,NA,NA,NA,NA,4,0,22,9,-429,4-20 Germany vs Ireland,2023,B. Gillis,NA,NA,NA,NA,J. Laux,J. McMillan,No Rebound,NA,No Shot Block,NA
Eddy,4/20/24,Germany,Ireland,1,22:27,15,5,5,Germany,Shot,Set,77,0.749646724,0.410762277,Left Miss,245.2372507,Miss,No,Not On Net,Movement,NA,NA,None,NA,NA,NA,NA,NA,NA,NA,4,0,22,27,-447,4-20 Germany vs Ireland,2023,P. Olters,NA,NA,NA,NA,J. Laux,J. McMillan,No Rebound,NA,No Shot Block,NA
Eddy,4/20/24,Germany,Ireland,1,22:52,21,5,5,Ireland,Shot,Set,24,0.119918326,0.464652371,Right Shoulder,146.1461808,Miss,No,Not Clean,Assisted,77,NA,Defensive,48,NA,NA,NA,NA,NA,NA,4,0,22,52,-472,4-20 Germany vs Ireland,2023,P. Corbett,C. Kelly,NA,NA,NA,J. Laux,J. McMillan,Germany,M. Becker,No Shot Block,NA
Eddy,4/20/24,Germany,Ireland,1,23:03,22,5,5,Germany,Turnover,Transition,71,0.846636143,0.403671476,NA,NA,NA,NA,NA,NA,NA,NA,NA,NA,NA,NA,NA,NA,NA,Interrupted Pass,4,0,23,3,-483,4-20 Germany vs Ireland,2023,C. Belger,NA,NA,NA,NA,J. Laux,J. McMillan,No Rebound,NA,No Shot Block,NA
Eddy,4/20/24,Germany,Ireland,1,23:54,20,5,4,Germany,Shot,Set,53,0.768622915,0.405089636,5-Hole,156.2407947,Miss,No,Clean Save,Assisted,52,NA,NA,NA,NA,NA,NA,NA,NA,NA,4,0,23,54,-534,4-20 Germany vs Ireland,2023,L. Stetzka,G. Weber,NA,NA,NA,J. Laux,J. McMillan,No Rebound,NA,No Shot Block,NA
Eddy,4/20/24,Germany,Ireland,1,24:19:00,8,5,4,Ireland,Shot,Set,88,0.179658185,0.510033502,5-Hole,279.2724376,Miss,No,Clean Save,Assisted,24,NA,NA,NA,NA,NA,NA,NA,NA,NA,4,0,24,19,-559,4-20 Germany vs Ireland,2023,B. Gillis,P. Corbett,NA,NA,NA,J. Laux,J. McMillan,No Rebound,NA,No Shot Block,NA
Eddy,4/20/24,Germany,Ireland,1,25:13:00,24,5,4,Ireland,Shot,Set,24,0.134677585,0.470325012,Right Leg,166.3985172,Miss,No,Not Clean,Assisted,87,NA,Defensive,73,NA,NA,NA,NA,NA,NA,4,0,25,13,-613,4-20 Germany vs Ireland,2023,P. Corbett,B. O'Sullivan,NA,NA,NA,J. Laux,J. McMillan,Germany,M. Geiger,No Shot Block,NA
Eddy,4/20/24,Germany,Ireland,1,25:21:00,10,5,4,Germany,Turnover,Transition,73,0.342010038,0.786574771,NA,NA,NA,NA,NA,NA,NA,NA,NA,NA,NA,NA,NA,NA,NA,Ball Lost,4,0,25,21,-621,4-20 Germany vs Ireland,2023,M. Geiger,NA,NA,NA,NA,J. Laux,J. McMillan,No Rebound,NA,No Shot Block,NA
Eddy,4/20/24,Germany,Ireland,1,25:28:00,3,5,4,Ireland,Shot,Transition,87,0.372231378,0.22072879,Right Leg,56.57086092,Miss,No,Not Clean,Movement,NA,NA,Defensive,54,NA,NA,NA,NA,NA,NA,4,0,25,28,-628,4-20 Germany vs Ireland,2023,B. O'Sullivan,NA,NA,NA,NA,J. Laux,J. McMillan,Germany,P. Schilling,No Shot Block,NA
Eddy,4/20/24,Germany,Ireland,2,28:09:00,17,5,4,Germany,Shot,Set,52,0.161384816,0.690139867,Right Leg,210.7102751,Miss,No,Not Clean,Assisted,58,NA,Offensive,77,NA,NA,NA,NA,NA,NA,4,0,28,9,111,4-20 Germany vs Ireland,2023,G. Weber,P. Weber,NA,NA,NA,J. Laux,J. McMillan,Germany,P. Olters,No Shot Block,NA
Eddy,4/20/24,Germany,Ireland,2,28:11:00,30,5,4,Germany,Shot,Set,77,0.116404216,0.525633266,Left Shoulder,207.5599645,Goal,No,none,Rebound,NA,NA,NA,NA,NA,NA,NA,NA,NA,NA,4,0,28,11,109,4-20 Germany vs Ireland,2023,P. Olters,NA,NA,NA,NA,J. Laux,J. McMillan,No Rebound,NA,No Shot Block,NA
Eddy,4/20/24,Germany,Ireland,2,29:27:00,25,5,5,Germany,Shot,Transition,77,0.100239313,0.395162514,Right Shoulder,186.5519434,Miss,No,Not Clean,Assisted,55,NA,None,NA,NA,NA,NA,NA,NA,NA,4,0,29,27,33,4-20 Germany vs Ireland,2023,P. Olters,D. Beckmann,NA,NA,NA,J. Laux,J. McMillan,No Rebound,NA,No Shot Block,NA
Eddy,4/20/24,Germany,Ireland,2,29:52:00,12,5,5,Germany,Shot,Set,35,0.240100866,0.413598598,Under Right Arm,77.69779777,Miss,No,Not Clean,Movement,NA,NA,Offensive,77,NA,NA,NA,NA,NA,NA,4,0,29,52,8,4-20 Germany vs Ireland,2023,E. Morgan,NA,NA,NA,NA,J. Laux,J. McMillan,Germany,P. Olters,No Shot Block,NA
Eddy,4/20/24,Germany,Ireland,2,29:56:00,9,5,5,Germany,Shot,Set,77,0.164196104,0.724175716,5-Hole,205.5919315,Miss,No,Not Clean,Rebound,NA,NA,Offensive,47,NA,NA,NA,NA,NA,NA,4,0,29,56,4,4-20 Germany vs Ireland,2023,P. Olters,NA,NA,NA,NA,J. Laux,J. McMillan,Germany,L. Böhm,No Shot Block,NA
Eddy,4/20/24,Germany,Ireland,2,29:56:00,9,5,5,Germany,Shot,Set,77,0.189497691,0.688721707,5-Hole,198.690865,Miss,No,Not Clean,Rebound,NA,NA,Offensive,47,NA,NA,NA,NA,NA,NA,4,0,29,56,4,4-20 Germany vs Ireland,2023,P. Olters,NA,NA,NA,NA,J. Laux,J. McMillan,Germany,L. Böhm,No Shot Block,NA
Eddy,4/20/24,Germany,Ireland,2,29:57:00,30,5,5,Germany,Shot,Set,47,0.164196104,0.549741992,Under Left Arm,202.9776077,Miss,No,Clean Save,Rebound,NA,NA,NA,NA,NA,NA,NA,NA,NA,NA,4,0,29,57,3,4-20 Germany vs Ireland,2023,L. Böhm,NA,NA,NA,NA,J. Laux,J. McMillan,No Rebound,NA,No Shot Block,NA
Eddy,4/20/24,Germany,Ireland,2,30:34:00,22,5,4,Germany,Turnover,Set,77,0.171927144,0.518542464,NA,NA,NA,NA,NA,NA,NA,NA,NA,NA,NA,NA,NA,NA,NA,Ball Lost,4,0,30,34,-34,4-20 Germany vs Ireland,2023,P. Olters,NA,NA,NA,NA,J. Laux,J. McMillan,No Rebound,NA,No Shot Block,NA
Eddy,4/20/24,Germany,Ireland,2,30:41:00,26,5,4,Ireland,Turnover,Transition,7,0.155762241,0.90144576,NA,NA,NA,NA,NA,NA,NA,NA,NA,NA,NA,NA,NA,NA,NA,Stray Pass,4,0,30,41,-41,4-20 Germany vs Ireland,2023,N. D'Amico,NA,NA,NA,NA,J. Laux,J. McMillan,No Rebound,NA,No Shot Block,NA
Eddy,4/20/24,Germany,Ireland,2,30:58:00,19,5,4,Germany,Shot,Set,53,0.198634375,0.480252135,5-Hole,160.0363531,Goal,No,none,Assisted,52,NA,NA,NA,NA,NA,NA,NA,NA,NA,4,0,30,58,-58,4-20 Germany vs Ireland,2023,L. Stetzka,G. Weber,NA,NA,NA,J. Laux,J. McMillan,No Rebound,NA,No Shot Block,NA
Eddy,4/20/24,Germany,Ireland,2,31:52:00,11,5,5,Germany,Shot,Set,55,0.145922735,0.531305907,Under Left Arm,200.5507354,Miss,No,Clean Save,Assisted,52,49,NA,NA,NA,NA,NA,NA,NA,NA,4,0,31,52,-112,4-20 Germany vs Ireland,2023,D. Beckmann,G. Weber,L. Nöring,NA,NA,J. Laux,J. McMillan,No Rebound,NA,No Shot Block,NA
Eddy,4/20/24,Germany,Ireland,2,32:05:00,18,5,5,Ireland,Turnover,Transition,78,0.52685219,0.576687039,NA,NA,NA,NA,NA,NA,NA,NA,NA,NA,NA,NA,NA,NA,NA,Stray Pass,4,0,32,5,-125,4-20 Germany vs Ireland,2023,S. Gibson,NA,NA,NA,NA,J. Laux,J. McMillan,No Rebound,NA,No Shot Block,NA
Eddy,4/20/24,Germany,Ireland,2,32:22:00,17,5,5,Germany,Turnover,Transition,52,0.23026136,0.895773118,NA,NA,NA,NA,NA,NA,NA,NA,NA,NA,NA,NA,NA,NA,NA,Interrupted Pass,4,0,32,22,-142,4-20 Germany vs Ireland,2023,G. Weber,NA,NA,NA,NA,J. Laux,J. McMillan,No Rebound,NA,No Shot Block,NA
Eddy,4/20/24,Germany,Ireland,2,32:34:00,21,5,5,Ireland,Shot,Transition,87,0.845230499,0.521378785,Crossbar,158.3054954,Miss,No,Not On Net,Movement,NA,NA,None,NA,NA,NA,NA,NA,NA,NA,4,0,32,34,-154,4-20 Germany vs Ireland,2023,B. O'Sullivan,NA,NA,NA,NA,J. Laux,J. McMillan,No Rebound,NA,No Shot Block,NA
Eddy,4/20/24,Germany,Ireland,2,32:56:00,22,5,5,Ireland,Turnover,Set,14,0.697637906,0.273200723,NA,NA,NA,NA,NA,NA,NA,NA,NA,NA,NA,NA,NA,NA,NA,Interrupted Pass,4,0,32,56,-176,4-20 Germany vs Ireland,2023,P. Brosnan,NA,NA,NA,NA,J. Laux,J. McMillan,No Rebound,NA,No Shot Block,NA
Eddy,4/20/24,Germany,Ireland,2,33:04:00,24,5,5,Germany,Shot,Transition,75,0.118512682,0.50152454,Right Leg,175.3632815,Goal,No,none,Movement,NA,NA,NA,NA,NA,NA,NA,NA,NA,NA,4,0,33,4,-184,4-20 Germany vs Ireland,2023,J. Truetsch,NA,NA,NA,NA,J. Laux,J. McMillan,No Rebound,NA,No Shot Block,NA
Eddy,4/20/24,Germany,Ireland,2,33:38:00,28,5,5,Germany,Turnover,Transition,34,0.436890991,0.915627363,NA,NA,NA,NA,NA,NA,NA,NA,NA,NA,NA,NA,NA,NA,NA,Ball Lost,4,0,33,38,-218,4-20 Germany vs Ireland,2023,T. Sander,NA,NA,NA,NA,J. Laux,J. McMillan,No Rebound,NA,No Shot Block,NA
Eddy,4/20/24,Germany,Ireland,2,34:05:00,4,5,5,Ireland,Shot,Set,88,0.813603515,0.249091997,Under Left Arm,232.654802,Miss,No,Clean Save,Assisted,24,NA,NA,NA,NA,NA,NA,NA,NA,NA,4,0,34,5,-245,4-20 Germany vs Ireland,2023,B. Gillis,P. Corbett,NA,NA,NA,J. Laux,J. McMillan,No Rebound,NA,No Shot Block,NA
Eddy,4/20/24,Germany,Ireland,2,34:17:00,22,5,5,Germany,Turnover,Transition,55,0.307571766,0.403671476,NA,NA,NA,NA,NA,NA,NA,NA,NA,NA,NA,NA,NA,NA,NA,Interrupted Pass,4,0,34,17,-257,4-20 Germany vs Ireland,2023,D. Beckmann,NA,NA,NA,NA,J. Laux,J. McMillan,No Rebound,NA,No Shot Block,NA
Eddy,4/20/24,Germany,Ireland,2,34:24:00,26,5,5,Ireland,Shot,Transition,70,0.870532087,0.46181605,5-Hole,253.7018421,Goal,No,none,Movement,NA,NA,NA,NA,NA,NA,NA,NA,NA,NA,4,0,34,24,-264,4-20 Germany vs Ireland,2023,C. Costello,NA,NA,NA,NA,J. Laux,J. McMillan,No Rebound,NA,No Shot Block,NA
Eddy,4/20/24,Germany,Ireland,2,34:55:00,30,5,5,Germany,Shot,Transition,52,0.146625557,0.458979729,5-Hole,197.0992803,Miss,No,Clean Save,Movement,NA,NA,NA,NA,NA,NA,NA,NA,NA,NA,4,0,34,55,-295,4-20 Germany vs Ireland,2023,G. Weber,NA,NA,NA,NA,J. Laux,J. McMillan,No Rebound,NA,No Shot Block,NA
Eddy,4/20/24,Germany,Ireland,2,35:15:00,25,5,5,Ireland,Turnover,Transition,77,1.013907749,0.62065001,NA,NA,NA,NA,NA,NA,NA,NA,NA,NA,NA,NA,NA,NA,NA,Ball Lost,4,0,35,15,-315,4-20 Germany vs Ireland,2023,C. Kelly,NA,NA,NA,NA,J. Laux,J. McMillan,No Rebound,NA,No Shot Block,NA
Eddy,4/20/24,Germany,Ireland,2,35:46:00,3,5,5,Germany,Shot,Set,53,0.166304569,0.666031141,NA,164.8259121,Blocked,No,NA,Movement,NA,NA,Defensive,20,20,NA,NA,NA,NA,NA,4,0,35,46,-346,4-20 Germany vs Ireland,2023,L. Stetzka,NA,NA,NA,NA,J. Laux,J. McMillan,Ireland,D. O'Keefe,Ireland,D. O'Keefe
Eddy,4/20/24,Germany,Ireland,2,36:16:00,9,5,5,Ireland,Shot,Set,17,0.81922609,0.4206894,Left Leg,206.3589728,Goal,No,none,Assisted,88,NA,NA,NA,NA,NA,NA,NA,NA,NA,4,0,36,16,-376,4-20 Germany vs Ireland,2023,B. Farrell,B. Gillis,NA,NA,NA,J. Laux,J. McMillan,No Rebound,NA,No Shot Block,NA
Eddy,4/20/24,Germany,Ireland,2,37:02:00,15,5,5,Ireland,Shot,Set,14,0.818523268,0.46323421,Right Miss,274.3798609,Miss,No,Not On Net,Assisted,86,77,Offensive,86,NA,NA,NA,NA,NA,NA,4,0,37,2,-422,4-20 Germany vs Ireland,2023,P. Brosnan,L. Moloney,C. Kelly,NA,NA,J. Laux,J. McMillan,Ireland,L. Moloney,No Shot Block,NA
Eddy,4/20/24,Germany,Ireland,2,37:10:00,8,5,5,Ireland,Turnover,Set,86,0.882480058,0.284546006,NA,NA,NA,NA,NA,NA,NA,NA,NA,NA,NA,NA,NA,NA,NA,Interrupted Pass,4,0,37,10,-430,4-20 Germany vs Ireland,2023,L. Moloney,NA,NA,NA,NA,J. Laux,J. McMillan,No Rebound,NA,No Shot Block,NA
Eddy,4/20/24,Germany,Ireland,2,37:14:00,29,5,5,Germany,Turnover,Transition,55,0.741212862,0.911372882,NA,NA,NA,NA,NA,NA,NA,NA,NA,NA,NA,NA,NA,NA,NA,Stray Pass,4,0,37,14,-434,4-20 Germany vs Ireland,2023,D. Beckmann,NA,NA,NA,NA,J. Laux,J. McMillan,No Rebound,NA,No Shot Block,NA
Eddy,4/20/24,Germany,Ireland,2,37:23:00,28,5,5,Germany,Turnover,Set,72,0.025740195,0.955335853,NA,NA,NA,NA,NA,NA,NA,NA,NA,NA,NA,NA,NA,NA,NA,Ball Lost,4,0,37,23,-443,4-20 Germany vs Ireland,2023,D. Nitsch,NA,NA,NA,NA,J. Laux,J. McMillan,No Rebound,NA,No Shot Block,NA
Eddy,4/20/24,Germany,Ireland,2,39:06:00,23,4,5,Ireland,Turnover,Set,77,0.784787818,0.586614161,NA,NA,NA,NA,NA,NA,NA,NA,NA,NA,NA,NA,NA,NA,NA,Ball Lost,4,0,39,6,-546,4-20 Germany vs Ireland,2023,C. Kelly,NA,NA,NA,NA,J. Laux,J. McMillan,No Rebound,NA,No Shot Block,NA
Eddy,4/20/24,Germany,Ireland,2,39:35:00,4,4,5,Germany,Shot,Set,35,0.008169648,0.589450482,Chest,Dive/Other,Miss,No,Not Clean,Movement,NA,NA,Defensive,56,NA,NA,NA,NA,NA,NA,4,0,39,35,-575,4-20 Germany vs Ireland,2023,E. Morgan,NA,NA,NA,NA,J. Laux,J. McMillan,Ireland,M. Shea,No Shot Block,NA
Eddy,4/20/24,Germany,Ireland,2,40:29:00,23,4,4,Germany,Shot,Transition,77,0.124135257,0.578105199,5-Hole,200.3878805,Miss,No,Clean Save,Assisted,54,NA,NA,NA,NA,NA,NA,NA,NA,NA,4,0,40,29,-629,4-20 Germany vs Ireland,2023,P. Olters,P. Schilling,NA,NA,NA,J. Laux,J. McMillan,No Rebound,NA,No Shot Block,NA
Eddy,4/20/24,Germany,Ireland,2,40:38:00,25,4,4,Ireland,Shot,Transition,78,0.877560305,0.514287983,Right Shoulder,163.1761081,Miss,No,Not Clean,Assisted,0,NA,Defensive,34,NA,NA,NA,NA,NA,NA,4,0,40,38,-638,4-20 Germany vs Ireland,2023,S. Gibson,J. McMillan,NA,NA,NA,J. Laux,J. McMillan,Germany,T. Sander,No Shot Block,NA
Eddy,4/20/24,Germany,Ireland,2,40:51:00,21,4,4,Germany,Turnover,Transition,75,0.394018856,0.586614161,NA,NA,NA,NA,NA,NA,NA,NA,NA,NA,NA,NA,NA,NA,NA,Ball Lost,4,0,40,51,-651,4-20 Germany vs Ireland,2023,J. Truetsch,NA,NA,NA,NA,J. Laux,J. McMillan,No Rebound,NA,No Shot Block,NA
Eddy,4/20/24,Germany,Ireland,2,41:20:00,2,4,4,Ireland,Shot,Set,88,0.79322168,0.400835155,5-Hole,240.7772679,Goal,No,none,Movement,NA,NA,NA,NA,NA,NA,NA,NA,NA,NA,4,0,41,20,-680,4-20 Germany vs Ireland,2023,B. Gillis,NA,NA,NA,NA,J. Laux,J. McMillan,No Rebound,NA,No Shot Block,NA
Eddy,4/20/24,Germany,Ireland,2,42:59:00,18,5,4,Germany,Shot,Set,47,0.197228732,0.538396709,Under Right Arm,202.1535179,Miss,No,Clean Save,Assisted,77,52,NA,NA,NA,NA,NA,NA,NA,NA,4,0,42,59,-779,4-20 Germany vs Ireland,2023,L. Böhm,P. Olters,G. Weber,NA,NA,J. Laux,J. McMillan,No Rebound,NA,No Shot Block,NA
Eddy,4/20/24,Germany,Ireland,2,43:08:00,25,5,4,Ireland,Shot,Transition,24,0.881074415,0.515706144,5-Hole,165.454302,Goal,No,none,Assisted,10,NA,NA,NA,NA,NA,NA,NA,NA,NA,4,0,43,8,-788,4-20 Germany vs Ireland,2023,P. Corbett,B. O'Gorman,NA,NA,NA,J. Laux,J. McMillan,No Rebound,NA,No Shot Block,NA
Eddy,4/20/24,Germany,Ireland,2,44:00:00,18,5,5,Germany,Shot,Set,49,0.075640548,0.363962986,5-Hole,113.8316043,Miss,No,Clean Save,Movement,NA,NA,NA,NA,NA,NA,NA,NA,NA,NA,4,0,44,0,-840,4-20 Germany vs Ireland,2023,L. Nöring,NA,NA,NA,NA,J. Laux,J. McMillan,No Rebound,NA,No Shot Block,NA
Eddy,4/20/24,Germany,Ireland,2,44:05:00,29,5,5,Ireland,Turnover,Transition,0,0.091102629,0.483088455,NA,NA,NA,NA,NA,NA,NA,NA,NA,NA,NA,NA,NA,NA,NA,Stray Pass,4,0,44,5,-845,4-20 Germany vs Ireland,2023,J. McMillan,NA,NA,NA,NA,J. Laux,J. McMillan,No Rebound,NA,No Shot Block,NA
Eddy,4/20/24,Germany,Ireland,2,44:18:00,22,5,5,Germany,Shot,Transition,47,0.150842488,0.376726429,5-Hole,252.1355112,Miss,No,Clean Save,Movement,NA,NA,NA,NA,NA,NA,NA,NA,NA,NA,4,0,44,18,-858,4-20 Germany vs Ireland,2023,L. Böhm,NA,NA,NA,NA,J. Laux,J. McMillan,No Rebound,NA,No Shot Block,NA
Eddy,4/20/24,Germany,Ireland,2,44:46:00,8,5,5,Ireland,Shot,Set,87,0.826254309,0.603632085,5-Hole,66.43250918,Goal,No,none,Assisted,88,NA,NA,NA,NA,NA,NA,NA,NA,NA,4,0,44,46,-886,4-20 Germany vs Ireland,2023,B. O'Sullivan,B. Gillis,NA,NA,NA,J. Laux,J. McMillan,No Rebound,NA,No Shot Block,NA
Eddy,4/20/24,Germany,Ireland,2,45:29:00,27,5,5,Germany,Turnover,Transition,47,0.446027675,0.724175716,NA,NA,NA,NA,NA,NA,NA,NA,NA,NA,NA,NA,NA,NA,NA,Ball Lost,4,0,45,29,-929,4-20 Germany vs Ireland,2023,L. Böhm,NA,NA,NA,NA,J. Laux,J. McMillan,No Rebound,NA,No Shot Block,NA
Eddy,4/20/24,Germany,Ireland,2,45:37:00,89,5,5,Ireland,Turnover,Transition,89,0.624544431,0.992208022,NA,NA,NA,NA,NA,NA,NA,NA,NA,NA,NA,NA,NA,NA,NA,Ball Lost,4,0,45,37,-937,4-20 Germany vs Ireland,2023,J. Stahl,NA,NA,NA,NA,J. Laux,J. McMillan,No Rebound,NA,No Shot Block,NA
Eddy,4/20/24,Germany,Ireland,2,46:03:00,11,5,5,Germany,Shot,Set,44,0.223935963,0.386653551,5-Hole,161.2956358,Miss,No,Clean Save,Movement,NA,NA,NA,NA,NA,NA,NA,NA,NA,NA,4,0,46,3,-963,4-20 Germany vs Ireland,2023,K. Sontowski,NA,NA,NA,NA,J. Laux,J. McMillan,No Rebound,NA,No Shot Block,NA
Eddy,4/20/24,Germany,Ireland,2,46:30:00,10,5,5,Ireland,Turnover,Set,88,0.753863656,0.33985426,NA,NA,NA,NA,NA,NA,NA,NA,NA,NA,NA,NA,NA,NA,NA,Stray Pass,4,0,46,30,-990,4-20 Germany vs Ireland,2023,B. Gillis,NA,NA,NA,NA,J. Laux,J. McMillan,No Rebound,NA,No Shot Block,NA
Eddy,4/20/24,Germany,Ireland,2,46:54:00,11,5,5,Germany,Shot,Set,77,0.169818679,0.474579493,5-Hole,261.0352696,Miss,No,Clean Save,Assisted,35,NA,NA,NA,NA,NA,NA,NA,NA,NA,4,0,46,54,-1014,4-20 Germany vs Ireland,2023,P. Olters,E. Morgan,NA,NA,NA,J. Laux,J. McMillan,No Rebound,NA,No Shot Block,NA
Eddy,4/20/24,Germany,Ireland,2,46:58:00,27,5,5,Ireland,Turnover,Transition,0,0.114295751,0.4206894,NA,NA,NA,NA,NA,NA,NA,NA,NA,NA,NA,NA,NA,NA,NA,Stray Pass,4,0,46,58,-1018,4-20 Germany vs Ireland,2023,J. McMillan,NA,NA,NA,NA,J. Laux,J. McMillan,No Rebound,NA,No Shot Block,NA
Eddy,4/20/24,Germany,Ireland,2,47:25:00,13,5,5,Germany,Shot,Set,47,0.202851307,0.677376424,Under Left Arm,204.7096817,Miss,No,Not Clean,Assisted,58,NA,None,NA,NA,NA,NA,NA,NA,NA,4,0,47,25,-1045,4-20 Germany vs Ireland,2023,L. Böhm,P. Weber,NA,NA,NA,J. Laux,J. McMillan,No Rebound,NA,No Shot Block,NA
Eddy,4/20/24,Germany,Ireland,2,48:04:00,22,5,4,Germany,Shot,Set,47,0.192308979,0.619231849,Left Miss,250.8042457,Miss,No,Not On Net,Assisted,53,77,Offensive,77,NA,NA,NA,NA,NA,NA,4,0,48,4,-1084,4-20 Germany vs Ireland,2023,L. Böhm,L. Stetzka,P. Olters,NA,NA,J. Laux,J. McMillan,Germany,P. Olters,No Shot Block,NA
Eddy,4/20/24,Germany,Ireland,2,48:13:00,12,5,4,Germany,Shot,Set,77,0.226044429,0.386653551,NA,251.1830514,Blocked,No,NA,Movement,NA,NA,Offensive,77,8,NA,NA,NA,NA,NA,4,0,48,13,-1093,4-20 Germany vs Ireland,2023,P. Olters,NA,NA,NA,NA,J. Laux,J. McMillan,Germany,P. Olters,Ireland,D. O'Gorman
Eddy,4/20/24,Germany,Ireland,2,48:16:00,10,5,4,Germany,Shot,Set,77,0.143814269,0.390908032,Left Leg,66.67242807,Miss,No,Not Clean,Rebound,NA,NA,None,NA,NA,NA,NA,NA,NA,NA,4,0,48,16,-1096,4-20 Germany vs Ireland,2023,P. Olters,NA,NA,NA,NA,J. Laux,J. McMillan,No Rebound,NA,No Shot Block,NA
Eddy,4/20/24,Germany,Ireland,2,48:38:00,22,5,4,Germany,Turnover,Set,47,0.210582347,0.753957083,NA,NA,NA,NA,NA,NA,NA,NA,NA,NA,NA,NA,NA,NA,NA,Stray Pass,4,0,48,38,-1118,4-20 Germany vs Ireland,2023,L. Böhm,NA,NA,NA,NA,J. Laux,J. McMillan,No Rebound,NA,No Shot Block,NA
Eddy,4/20/24,Germany,Ireland,2,49:13:00,3,5,4,Ireland,Shot,Set,24,0.697637906,0.457561569,Right Miss,90.65174899,Miss,No,Not On Net,Movement,NA,NA,None,NA,NA,NA,NA,NA,NA,NA,4,0,49,13,-1153,4-20 Germany vs Ireland,2023,P. Corbett,NA,NA,NA,NA,J. Laux,J. McMillan,No Rebound,NA,No Shot Block,NA
Eddy,4/20/24,Germany,Ireland,2,49:25:00,22,5,4,Germany,Shot,Transition,53,0.183172294,0.351199543,5-Hole,80.77392005,Goal,No,none,Assisted,52,58,NA,NA,NA,NA,NA,NA,NA,NA,4,0,49,25,-1165,4-20 Germany vs Ireland,2023,L. Stetzka,G. Weber,P. Weber,NA,NA,J. Laux,J. McMillan,No Rebound,NA,No Shot Block,NA
Eddy,4/20/24,Germany,Ireland,2,50:33:00,29,5,5,Germany,Shot,Set,77,0.137488872,0.510033502,Under Left Arm,261.4933743,Miss,No,Not Clean,Assisted,44,NA,Defensive,8,NA,NA,NA,NA,NA,NA,4,0,50,33,-1233,4-20 Germany vs Ireland,2023,P. Olters,K. Sontowski,NA,NA,NA,J. Laux,J. McMillan,Ireland,D. O'Gorman,No Shot Block,NA
Eddy,4/20/24,Germany,Ireland,2,50:53:00,13,5,5,Ireland,Shot,Set,88,0.863503868,0.359708505,Under Left Arm,231.9047244,Miss,No,Not Clean,Assisted,14,NA,Offensive,87,NA,NA,NA,NA,NA,NA,4,0,50,53,-1253,4-20 Germany vs Ireland,2023,B. Gillis,P. Brosnan,NA,NA,NA,J. Laux,J. McMillan,Ireland,B. O'Sullivan,No Shot Block,NA
Eddy,4/20/24,Germany,Ireland,2,51:14:00,21,5,5,Ireland,Shot,Set,90,0.808683762,0.840464865,Right Miss,147.6819675,Miss,No,Not On Net,Assisted,14,NA,None,NA,NA,NA,NA,NA,NA,NA,4,0,51,14,-1274,4-20 Germany vs Ireland,2023,S. Keane,P. Brosnan,NA,NA,NA,J. Laux,J. McMillan,No Rebound,NA,No Shot Block,NA
Eddy,4/20/24,Germany,Ireland,2,53:07:00,16,5,5,Germany,Shot,Set,52,0.091805451,0.634831613,Right Miss,194.4386708,Miss,No,Not On Net,Assisted,47,NA,Offensive,35,NA,NA,NA,NA,NA,NA,4,0,53,7,-1387,4-20 Germany vs Ireland,2023,G. Weber,L. Böhm,NA,NA,NA,J. Laux,J. McMillan,Germany,E. Morgan,No Shot Block,NA
Eddy,4/20/24,Germany,Ireland,2,53:13:00,9,5,5,Germany,Shot,Set,47,0.216204922,0.495851899,Right Shoulder,281.546716,Miss,No,Not Clean,Assisted,52,35,Defensive,8,NA,NA,NA,NA,NA,NA,4,0,53,13,-1393,4-20 Germany vs Ireland,2023,L. Böhm,G. Weber,E. Morgan,NA,NA,J. Laux,J. McMillan,Ireland,D. O'Gorman,No Shot Block,NA
Eddy,4/20/24,Germany,Ireland,2,53:23:00,7,5,5,Ireland,Shot,Transition,7,0.87545184,0.33985426,Right Miss,218.4205488,Miss,No,Not On Net,Movement,NA,NA,Offensive,24,NA,NA,NA,NA,NA,NA,4,0,53,23,-1403,4-20 Germany vs Ireland,2023,N. D'Amico,NA,NA,NA,NA,J. Laux,J. McMillan,Ireland,P. Corbett,No Shot Block,NA
Eddy,4/20/24,Germany,Ireland,3,1:06:39,21,5,5,Germany,Shot,Transition,44,0.990011805,0.451888928,Under Right Arm,Dive/Other,Miss,No,Not Clean,Movement,NA,NA,Defensive,56,NA,NA,NA,NA,NA,NA,4,1,1,39,2601,4-20 Germany vs Ireland,2023,K. Sontowski,NA,NA,NA,NA,J. Laux,C. Albuery,Ireland,M. Shea,No Shot Block,NA
Eddy,4/20/24,Germany,Ireland,3,1:07:06,6,5,5,Ireland,Shot,Set,90,0.258374235,0.504360861,Left Shoulder,214.0005691,Miss,No,Not Clean,Assisted,14,NA,Defensive,45,NA,NA,NA,NA,NA,NA,4,1,1,6,2634,4-20 Germany vs Ireland,2023,S. Keane,P. Brosnan,NA,NA,NA,J. Laux,C. Albuery,Germany,J. Groß,No Shot Block,NA
Eddy,4/20/24,Germany,Ireland,3,1:07:17,22,5,5,Germany,Turnover,Transition,45,0.753863656,0.288800487,NA,NA,NA,NA,NA,NA,NA,NA,NA,NA,NA,NA,NA,NA,NA,Interrupted Pass,4,1,1,17,2623,4-20 Germany vs Ireland,2023,J. Groß,NA,NA,NA,NA,J. Laux,C. Albuery,No Rebound,NA,No Shot Block,NA
Eddy,4/20/24,Germany,Ireland,3,1:07:40,10,5,5,Ireland,Shot,Set,24,0.131163476,0.470325012,Right Miss,163.2333693,Miss,No,Not On Net,Assisted,77,NA,Offensive,17,NA,NA,NA,NA,NA,NA,4,1,1,40,2600,4-20 Germany vs Ireland,2023,P. Corbett,C. Kelly,NA,NA,NA,J. Laux,C. Albuery,Ireland,B. Farrell,No Shot Block,NA
Eddy,4/20/24,Germany,Ireland,3,1:07:46,4,5,5,Ireland,Shot,Set,17,0.346226969,0.878755194,Left Leg,207.3659886,Goal,No,none,Movement,NA,NA,NA,NA,NA,NA,NA,NA,NA,NA,4,1,1,46,2594,4-20 Germany vs Ireland,2023,B. Farrell,NA,NA,NA,NA,J. Laux,C. Albuery,No Rebound,NA,No Shot Block,NA
Eddy,4/20/24,Germany,Ireland,3,1:08:46,17,5,5,Germany,Shot,Set,52,0.818523268,0.473161333,Under Right Arm,205.9164838,Goal,No,none,Movement,NA,NA,NA,NA,NA,NA,NA,NA,NA,NA,4,1,1,46,2594,4-20 Germany vs Ireland,2023,G. Weber,NA,NA,NA,NA,J. Laux,C. Albuery,No Rebound,NA,No Shot Block,NA
Eddy,4/20/24,Germany,Ireland,3,1:09:39,7,5,5,Ireland,Turnover,Set,78,0.091805451,0.195201904,NA,NA,NA,NA,NA,NA,NA,NA,NA,NA,NA,NA,NA,NA,NA,Ball Lost,4,1,1,39,2601,4-20 Germany vs Ireland,2023,S. Gibson,NA,NA,NA,NA,J. Laux,C. Albuery,No Rebound,NA,No Shot Block,NA
Eddy,4/20/24,Germany,Ireland,3,1:09:46,27,5,5,Germany,Turnover,Transition,38,0.093211094,0.839046704,NA,NA,NA,NA,NA,NA,NA,NA,NA,NA,NA,NA,NA,NA,NA,Stray Pass,4,1,1,46,2594,4-20 Germany vs Ireland,2023,G. Wolf,NA,NA,NA,NA,J. Laux,C. Albuery,No Rebound,NA,No Shot Block,NA
Eddy,4/20/24,Germany,Ireland,3,1:10:09,15,5,5,Ireland,Shot,Set,77,0.218313388,0.308654732,Right Miss,135.7903101,Miss,No,Not On Net,Assisted,17,NA,Offensive,17,NA,NA,NA,NA,NA,NA,4,1,1,9,2631,4-20 Germany vs Ireland,2023,C. Kelly,B. Farrell,NA,NA,NA,J. Laux,C. Albuery,Ireland,B. Farrell,No Shot Block,NA
Eddy,4/20/24,Germany,Ireland,3,1:10:15,9,5,5,Ireland,Turnover,Set,24,0.242209332,0.206547186,NA,NA,NA,NA,NA,NA,NA,NA,NA,NA,NA,NA,NA,NA,NA,Stray Pass,4,1,1,15,2625,4-20 Germany vs Ireland,2023,P. Corbett,NA,NA,NA,NA,J. Laux,C. Albuery,No Rebound,NA,No Shot Block,NA
Eddy,4/20/24,Germany,Ireland,3,1:10:39,22,5,5,Germany,Shot,Set,49,0.759486231,0.528469587,Right Leg,131.3617858,Goal,No,none,Movement,NA,NA,NA,NA,NA,NA,NA,NA,NA,NA,4,1,1,39,2601,4-20 Germany vs Ireland,2023,L. Nöring,NA,NA,NA,NA,J. Laux,C. Albuery,No Rebound,NA,No Shot Block,NA
Eddy,4/20/24,Germany,Ireland,3,1:11:41,25,4,5,Ireland,Shot,Set,24,0.115701394,0.505779021,Left Shoulder,165.1576039,Miss,No,Not Clean,Assisted,17,77,Defensive,55,NA,NA,NA,NA,NA,NA,4,1,1,41,2599,4-20 Germany vs Ireland,2023,P. Corbett,B. Farrell,C. Kelly,NA,NA,J. Laux,C. Albuery,Germany,D. Beckmann,No Shot Block,NA
Eddy,4/20/24,Germany,Ireland,3,1:11:58,17,4,5,Germany,Shot,Set,77,0.876154662,0.334181618,Right Leg,2.844523168,Miss,No,Not Clean,Movement,NA,NA,Defensive,24,NA,NA,NA,NA,NA,NA,4,1,1,58,2582,4-20 Germany vs Ireland,2023,P. Olters,NA,NA,NA,NA,J. Laux,C. Albuery,Ireland,P. Corbett,No Shot Block,NA
Eddy,4/20/24,Germany,Ireland,3,1:12:13,7,4,5,Ireland,Shot,Set,87,0.155059419,0.317163694,Left Miss,158.4528967,Miss,No,Not On Net,Assisted,88,17,Offensive,88,NA,NA,NA,NA,NA,NA,4,1,1,13,2627,4-20 Germany vs Ireland,2023,B. O'Sullivan,B. Gillis,B. Farrell,NA,NA,J. Laux,C. Albuery,Ireland,B. Gillis,No Shot Block,NA
Eddy,4/20/24,Germany,Ireland,3,1:12:32,26,4,5,Ireland,Shot,Set,87,0.138191694,0.440543645,Top Miss,156.3745436,Miss,No,Not On Net,Assisted,24,88,Offensive,88,NA,NA,NA,NA,NA,NA,4,1,1,32,2608,4-20 Germany vs Ireland,2023,B. O'Sullivan,P. Corbett,B. Gillis,NA,NA,J. Laux,C. Albuery,Ireland,B. Gillis,No Shot Block,NA
Eddy,4/20/24,Germany,Ireland,3,1:12:44,14,4,5,Ireland,Shot,Set,90,0.171224322,0.324254496,NA,78.80396447,Blocked,No,NA,Assisted,24,NA,Defensive,54,59,NA,NA,NA,NA,NA,4,1,1,44,2596,4-20 Germany vs Ireland,2023,S. Keane,P. Corbett,NA,NA,NA,J. Laux,C. Albuery,Germany,P. Schilling,Germany,B. Wendt
Eddy,4/20/24,Germany,Ireland,3,1:13:09,8,4,5,Germany,Shot,Set,47,0.698340728,0.392326193,Left Leg,255.8376378,Goal,No,none,Movement,NA,NA,NA,NA,NA,NA,NA,NA,NA,NA,4,1,1,9,2631,4-20 Germany vs Ireland,2023,L. Böhm,NA,NA,NA,NA,J. Laux,C. Albuery,No Rebound,NA,No Shot Block,NA
Eddy,4/20/24,Germany,Ireland,3,1:14:00,13,4,5,Ireland,Shot,Set,77,0.160681994,0.271782563,Right Shoulder,148.8066247,Miss,No,Not Clean,Assisted,88,14,Defensive,59,NA,NA,NA,NA,NA,NA,4,1,1,0,2640,4-20 Germany vs Ireland,2023,C. Kelly,B. Gillis,P. Brosnan,NA,NA,J. Laux,C. Albuery,Germany,B. Wendt,No Shot Block,NA
Eddy,4/20/24,Germany,Ireland,3,1:14:12,26,4,5,Ireland,Shot,Set,90,0.148734022,0.232074073,5-Hole,81.66640088,Miss,No,Not Clean,Assisted,88,77,Defensive,59,NA,NA,NA,NA,NA,NA,4,1,1,12,2628,4-20 Germany vs Ireland,2023,S. Keane,B. Gillis,C. Kelly,NA,NA,J. Laux,C. Albuery,Germany,B. Wendt,No Shot Block,NA
Eddy,4/20/24,Germany,Ireland,3,1:14:38,8,5,5,Germany,Shot,Set,77,0.842419212,0.407925957,Right Leg,212.6173529,Miss,No,Not Clean,Assisted,47,NA,Offensive,47,NA,NA,NA,NA,NA,NA,4,1,1,38,2602,4-20 Germany vs Ireland,2023,P. Olters,L. Böhm,NA,NA,NA,J. Laux,C. Albuery,Germany,L. Böhm,No Shot Block,NA
Eddy,4/20/24,Germany,Ireland,3,1:14:45,28,5,5,Germany,Turnover,Set,47,0.750349546,0.178183979,NA,NA,NA,NA,NA,NA,NA,NA,NA,NA,NA,NA,NA,NA,NA,Interrupted Pass,4,1,1,45,2595,4-20 Germany vs Ireland,2023,L. Böhm,NA,NA,NA,NA,J. Laux,C. Albuery,No Rebound,NA,No Shot Block,NA
Eddy,4/20/24,Germany,Ireland,3,1:15:11,7,5,5,Ireland,Shot,Set,14,0.114998573,0.444798126,Right Miss,205.1540393,Miss,No,Not On Net,Assisted,24,87,Offensive,87,NA,NA,NA,NA,NA,NA,4,1,1,11,2629,4-20 Germany vs Ireland,2023,P. Brosnan,P. Corbett,B. O'Sullivan,NA,NA,J. Laux,C. Albuery,Ireland,B. O'Sullivan,No Shot Block,NA
Eddy,4/20/24,Germany,Ireland,3,1:15:38,22,5,5,Germany,Turnover,Set,52,0.699746371,0.230655912,NA,NA,NA,NA,NA,NA,NA,NA,NA,NA,NA,NA,NA,NA,NA,Concession,4,1,1,38,2602,4-20 Germany vs Ireland,2023,G. Weber,NA,NA,NA,NA,J. Laux,C. Albuery,No Rebound,NA,No Shot Block,NA
Eddy,4/20/24,Germany,Ireland,3,1:16:06,5,5,5,Ireland,Shot,Set,88,0.081263123,0.634831613,5-Hole,211.6149582,Goal,No,none,Movement,NA,NA,NA,NA,NA,NA,NA,NA,NA,NA,4,1,1,6,2634,4-20 Germany vs Ireland,2023,B. Gillis,NA,NA,NA,NA,J. Laux,C. Albuery,No Rebound,NA,No Shot Block,NA
Eddy,4/20/24,Germany,Ireland,3,1:16:56,19,5,5,Ireland,Shot,Set,90,0.114295751,0.458979729,Under Left Arm,164.5038648,Goal,No,none,Movement,NA,NA,NA,NA,NA,NA,NA,NA,NA,NA,4,1,1,56,2584,4-20 Germany vs Ireland,2023,S. Keane,NA,NA,NA,NA,J. Laux,C. Albuery,No Rebound,NA,No Shot Block,NA
Eddy,4/20/24,Germany,Ireland,3,1:17:45,10,5,5,Ireland,Turnover,Set,88,0.182469472,0.909954722,NA,NA,NA,NA,NA,NA,NA,NA,NA,NA,NA,NA,NA,NA,NA,Ball Lost,4,1,1,45,2595,4-20 Germany vs Ireland,2023,B. Gillis,NA,NA,NA,NA,J. Laux,C. Albuery,No Rebound,NA,No Shot Block,NA
Eddy,4/20/24,Germany,Ireland,3,1:18:20,18,6,5,Germany,Shot,Set,52,0.773542668,0.26043728,NA,220.546232,Blocked,No,NA,Assisted,58,NA,Defensive,70,8,NA,NA,NA,NA,NA,4,1,1,20,2620,4-20 Germany vs Ireland,2023,G. Weber,P. Weber,NA,NA,NA,J. Laux,C. Albuery,Ireland,C. Costello,Ireland,D. O'Gorman
Eddy,4/20/24,Germany,Ireland,3,1:19:08,22,5,4,Germany,Shot,Set,77,0.856475649,0.290218647,Left Leg,302.0534886,Goal,No,none,Assisted,47,NA,NA,NA,NA,NA,NA,NA,NA,NA,4,1,1,8,2632,4-20 Germany vs Ireland,2023,P. Olters,L. Böhm,NA,NA,NA,J. Laux,C. Albuery,No Rebound,NA,No Shot Block,NA
Eddy,4/20/24,Germany,Ireland,3,1:20:15,25,5,5,Germany,Shot,Transition,49,0.89442803,0.610722887,Left Miss,158.7420455,Miss,No,Not On Net,Assisted,45,NA,Offensive,47,NA,NA,NA,NA,NA,NA,4,1,1,15,2625,4-20 Germany vs Ireland,2023,L. Nöring,J. Groß,NA,NA,NA,J. Laux,C. Albuery,Germany,L. Böhm,No Shot Block,NA
Eddy,4/20/24,Germany,Ireland,3,1:20:30,9,5,5,Germany,Turnover,Set,51,0.697637906,0.792247413,NA,NA,NA,NA,NA,NA,NA,NA,NA,NA,NA,NA,NA,NA,NA,Interrupted Pass,4,1,1,30,2610,4-20 Germany vs Ireland,2023,N. Krumrein,NA,NA,NA,NA,J. Laux,C. Albuery,No Rebound,NA,No Shot Block,NA
Eddy,4/20/24,Germany,Ireland,3,1:20:38,27,5,5,Ireland,Turnover,Transition,70,0.922540905,0.958172174,NA,NA,NA,NA,NA,NA,NA,NA,NA,NA,NA,NA,NA,NA,NA,Interrupted Pass,4,1,1,38,2602,4-20 Germany vs Ireland,2023,C. Costello,NA,NA,NA,NA,J. Laux,C. Albuery,No Rebound,NA,No Shot Block,NA
Eddy,4/20/24,Germany,Ireland,3,1:20:57,17,5,5,Germany,Turnover,Set,77,0.885994168,0.209383507,NA,NA,NA,NA,NA,NA,NA,NA,NA,NA,NA,NA,NA,NA,NA,Interrupted Pass,4,1,1,57,2583,4-20 Germany vs Ireland,2023,P. Olters,NA,NA,NA,NA,J. Laux,C. Albuery,No Rebound,NA,No Shot Block,NA
Eddy,4/20/24,Germany,Ireland,3,1:21:11,20,5,5,Ireland,Turnover,Transition,70,0.417211978,0.996462503,NA,NA,NA,NA,NA,NA,NA,NA,NA,NA,NA,NA,NA,NA,NA,Ball Lost,4,1,1,11,2629,4-20 Germany vs Ireland,2023,C. Costello,NA,NA,NA,NA,J. Laux,C. Albuery,No Rebound,NA,No Shot Block,NA
Eddy,4/20/24,Germany,Ireland,3,1:21:27,21,5,5,Germany,Shot,Transition,53,0.88318288,0.588032322,Under Right Arm,158.7723709,Miss,No,Not Clean,Assisted,58,NA,Defensive,89,NA,NA,NA,NA,NA,NA,4,1,1,27,2613,4-20 Germany vs Ireland,2023,L. Stetzka,P. Weber,NA,NA,NA,J. Laux,C. Albuery,Ireland,J. Stahl,No Shot Block,NA
Eddy,4/20/24,Germany,Ireland,3,1:21:52,18,5,5,Germany,Shot,Set,52,0.765108806,0.423525721,Right Miss,213.1402239,Miss,No,Not On Net,Movement,NA,NA,None,NA,NA,NA,NA,NA,NA,NA,4,1,1,52,2588,4-20 Germany vs Ireland,2023,G. Weber,NA,NA,NA,NA,J. Laux,C. Albuery,No Rebound,NA,No Shot Block,NA
Eddy,4/20/24,Germany,Ireland,3,1:22:30,22,5,4,Germany,Shot,Set,77,0.753863656,0.46323421,Right Leg,295.4491052,Goal,No,none,Assisted,53,NA,NA,NA,NA,NA,NA,NA,NA,NA,4,1,1,30,2610,4-20 Germany vs Ireland,2023,P. Olters,L. Stetzka,NA,NA,NA,J. Laux,C. Albuery,No Rebound,NA,No Shot Block,NA
Eddy,4/20/24,Germany,Ireland,3,1:23:40,8,5,5,Ireland,Shot,Set,77,0.23026136,0.298727609,Right Miss,71.83183109,Miss,No,Not On Net,Assisted,88,NA,None,NA,NA,NA,NA,NA,NA,NA,4,1,1,40,2600,4-20 Germany vs Ireland,2023,C. Kelly,B. Gillis,NA,NA,NA,J. Laux,C. Albuery,No Rebound,NA,No Shot Block,NA
Eddy,4/20/24,Germany,Ireland,3,1:24:00,22,5,5,Germany,Turnover,Set,35,0.692718153,0.605050246,NA,NA,NA,NA,NA,NA,NA,NA,NA,NA,NA,NA,NA,NA,NA,Stray Pass,4,1,1,0,2640,4-20 Germany vs Ireland,2023,E. Morgan,NA,NA,NA,NA,J. Laux,C. Albuery,No Rebound,NA,No Shot Block,NA
Eddy,4/20/24,Germany,Ireland,3,1:24:48,2,6,5,Germany,Shot,Set,58,0.801655543,0.602213925,Right Shoulder,157.3188861,Miss,No,Not Clean,Assisted,44,NA,Offensive,35,NA,NA,NA,NA,NA,NA,4,1,1,48,2592,4-20 Germany vs Ireland,2023,P. Weber,K. Sontowski,NA,NA,NA,J. Laux,C. Albuery,Germany,E. Morgan,No Shot Block,NA
Eddy,4/20/24,Germany,Ireland,3,1:24:51,28,6,5,Germany,Shot,Set,35,0.862801046,0.531305907,5-Hole,108.6421432,Goal,No,none,Rebound,NA,NA,NA,NA,NA,NA,NA,NA,NA,NA,4,1,1,51,2589,4-20 Germany vs Ireland,2023,E. Morgan,NA,NA,NA,NA,J. Laux,C. Albuery,No Rebound,NA,No Shot Block,NA
Eddy,4/20/24,Germany,Ireland,3,1:26:09,5,5,5,Ireland,Shot,Set,87,0.12905501,0.312909213,Right Miss,66.1490589,Miss,No,Not On Net,Movement,NA,NA,Offensive,24,NA,NA,NA,NA,NA,NA,4,1,1,9,2631,4-20 Germany vs Ireland,2023,B. O'Sullivan,NA,NA,NA,NA,J. Laux,C. Albuery,Ireland,P. Corbett,No Shot Block,NA
Eddy,4/20/24,Germany,Ireland,3,1:26:45,13,5,5,Germany,Shot,Set,77,0.827659952,0.311491053,5-Hole,242.01724,Goal,No,none,Assisted,47,NA,NA,NA,NA,NA,NA,NA,NA,NA,4,1,1,45,2595,4-20 Germany vs Ireland,2023,P. Olters,L. Böhm,NA,NA,NA,J. Laux,C. Albuery,No Rebound,NA,No Shot Block,NA
Eddy,4/20/24,Germany,Ireland,3,1:27:29,20,5,5,Ireland,Turnover,Set,88,0.3279536,0.728430197,NA,NA,NA,NA,NA,NA,NA,NA,NA,NA,NA,NA,NA,NA,NA,Interrupted Pass,4,1,1,29,2611,4-20 Germany vs Ireland,2023,B. Gillis,NA,NA,NA,NA,J. Laux,C. Albuery,No Rebound,NA,No Shot Block,NA
Eddy,4/20/24,Germany,Ireland,3,1:27:54,18,5,5,Ireland,Shot,Set,77,0.074937726,0.363962986,Chest,130.8028864,Miss,No,Not Clean,Assisted,88,NA,Defensive,74,NA,NA,NA,NA,NA,NA,4,1,1,54,2586,4-20 Germany vs Ireland,2023,C. Kelly,B. Gillis,NA,NA,NA,J. Laux,C. Albuery,Germany,M. Tikovsky,No Shot Block,NA
Eddy,4/20/24,Germany,Ireland,3,1:27:59,29,5,5,Germany,Turnover,Transition,74,0.190200513,0.039204265,NA,NA,NA,NA,NA,NA,NA,NA,NA,NA,NA,NA,NA,NA,NA,Interrupted Pass,4,1,1,59,2581,4-20 Germany vs Ireland,2023,M. Tikovsky,NA,NA,NA,NA,J. Laux,C. Albuery,No Rebound,NA,No Shot Block,NA
Eddy,4/20/24,Germany,Ireland,3,1:28:04,27,5,5,Ireland,Shot,Transition,88,0.124838079,0.571014397,Left Leg,243.0780477,Goal,No,none,Assisted,77,NA,NA,NA,NA,NA,NA,NA,NA,NA,4,1,1,4,2636,4-20 Germany vs Ireland,2023,B. Gillis,C. Kelly,NA,NA,NA,J. Laux,C. Albuery,No Rebound,NA,No Shot Block,NA
Eddy,4/20/24,Germany,Ireland,3,1:29:01,4,5,5,Ireland,Shot,Set,77,0.083371588,0.378144589,Right Leg,Dive/Other,Goal,No,none,Assisted,90,NA,NA,NA,NA,NA,NA,NA,NA,NA,4,1,1,1,2639,4-20 Germany vs Ireland,2023,C. Kelly,S. Keane,NA,NA,NA,J. Laux,C. Albuery,No Rebound,NA,No Shot Block,NA
Eddy,4/20/24,Germany,Ireland,3,1:30:07,2,5,5,Germany,Shot,Set,35,0.739807218,0.848973827,5-Hole,324.359185,Miss,No,Clean Save,Movement,NA,NA,NA,NA,NA,NA,NA,NA,NA,NA,4,1,1,7,2633,4-20 Germany vs Ireland,2023,E. Morgan,NA,NA,NA,NA,J. Laux,C. Albuery,No Rebound,NA,No Shot Block,NA
Eddy,4/20/24,Germany,Ireland,3,1:31:29,6,4,5,Ireland,Shot,Set,77,0.23026136,0.424943881,Right Shoulder,83.76873608,Miss,No,Not Clean,Movement,NA,NA,Offensive,17,NA,NA,NA,NA,NA,NA,4,1,1,29,2611,4-20 Germany vs Ireland,2023,C. Kelly,NA,NA,NA,NA,J. Laux,C. Albuery,Ireland,B. Farrell,No Shot Block,NA
Eddy,4/20/24,Germany,Ireland,3,1:31:32,3,4,5,Ireland,Shot,Set,17,0.122026791,0.589450482,Under Left Arm,236.8604658,Miss,No,Not Clean,Rebound,NA,NA,Defensive,54,NA,NA,NA,NA,NA,NA,4,1,1,32,2608,4-20 Germany vs Ireland,2023,B. Farrell,NA,NA,NA,NA,J. Laux,C. Albuery,Germany,P. Schilling,No Shot Block,NA
Eddy,4/20/24,Germany,Ireland,4,1:34:59,6,4,5,Ireland,Shot,Set,77,0.822740199,0.575268878,Right Shoulder,158.0119944,Miss,No,Not Clean,Assisted,24,88,Defensive,55,NA,NA,NA,NA,NA,NA,4,0,1,59,3481,4-20 Germany vs Ireland,2023,C. Kelly,P. Corbett,B. Gillis,NA,NA,J. Laux,J. McMillan,Germany,D. Beckmann,No Shot Block,NA
Eddy,4/20/24,Germany,Ireland,4,1:35:03,28,4,5,Germany,Turnover,Transition,55,0.810792227,0.351199543,NA,NA,NA,NA,NA,NA,NA,NA,NA,NA,NA,NA,NA,NA,NA,Ball Lost,4,0,1,3,3537,4-20 Germany vs Ireland,2023,D. Beckmann,NA,NA,NA,NA,J. Laux,J. McMillan,No Rebound,NA,No Shot Block,NA
Eddy,4/20/24,Germany,Ireland,4,1:35:16,19,4,5,Ireland,Shot,Set,24,0.829768418,0.626322651,5-Hole,153.4533266,Goal,No,none,Assisted,88,77,NA,NA,NA,NA,NA,NA,NA,NA,4,0,1,16,3524,4-20 Germany vs Ireland,2023,P. Corbett,B. Gillis,C. Kelly,NA,NA,J. Laux,J. McMillan,No Rebound,NA,No Shot Block,NA
Eddy,4/20/24,Germany,Ireland,4,1:36:45,17,5,5,Ireland,Shot,Set,14,0.859989758,0.674540103,Left Shoulder,204.4686166,Miss,No,Not On Net,Movement,NA,NA,Offensive,0,NA,NA,NA,NA,NA,NA,4,0,1,45,3495,4-20 Germany vs Ireland,2023,P. Brosnan,NA,NA,NA,NA,J. Laux,J. McMillan,Ireland,J. McMillan,No Shot Block,NA
Eddy,4/20/24,Germany,Ireland,4,1:37:57,26,4,5,Ireland,Shot,Set,24,0.822037377,0.54265119,5-Hole,159.6926792,Goal,No,none,Assisted,77,NA,NA,NA,NA,NA,NA,NA,NA,NA,4,0,1,57,3483,4-20 Germany vs Ireland,2023,P. Corbett,C. Kelly,NA,NA,NA,J. Laux,J. McMillan,No Rebound,NA,No Shot Block,NA
Eddy,4/20/24,Germany,Ireland,4,1:38:53,5,5,5,Ireland,Turnover,Set,90,0.841013568,0.769556847,NA,NA,NA,NA,NA,NA,NA,NA,NA,NA,NA,NA,NA,NA,NA,Interrupted Pass,4,0,1,53,3487,4-20 Germany vs Ireland,2023,S. Keane,NA,NA,NA,NA,J. Laux,J. McMillan,No Rebound,NA,No Shot Block,NA
Eddy,4/20/24,Germany,Ireland,4,1:39:18,9,5,5,Germany,Shot,Set,58,0.21901621,0.338436099,NA,155.2889386,Blocked,No,NA,Movement,NA,NA,Defensive,70,70,NA,NA,NA,NA,NA,4,0,1,18,3522,4-20 Germany vs Ireland,2023,P. Weber,NA,NA,NA,NA,J. Laux,J. McMillan,Ireland,C. Costello,Ireland,C. Costello
Eddy,4/20/24,Germany,Ireland,4,1:39:44,25,5,5,Germany,Shot,Transition,52,0.169818679,0.331345298,5-Hole,199.827117,Goal,No,none,Assisted,75,NA,NA,NA,NA,NA,NA,NA,NA,NA,4,0,1,44,3496,4-20 Germany vs Ireland,2023,G. Weber,J. Truetsch,NA,NA,NA,J. Laux,J. McMillan,No Rebound,NA,No Shot Block,NA
Eddy,4/20/24,Germany,Ireland,4,1:40:50,7,5,5,Ireland,Shot,Set,88,0.744726971,0.345526901,5-Hole,254.8334133,Miss,No,Not Clean,Movement,NA,NA,Offensive,87,NA,NA,NA,NA,NA,NA,4,0,1,50,3490,4-20 Germany vs Ireland,2023,B. Gillis,NA,NA,NA,NA,J. Laux,J. McMillan,Ireland,B. O'Sullivan,No Shot Block,NA
Eddy,4/20/24,Germany,Ireland,4,1:41:10,14,5,5,Ireland,Shot,Set,88,0.767920093,0.527051426,Left Leg,209.2708175,Miss,No,Not Clean,Assisted,77,NA,None,NA,NA,NA,NA,NA,NA,NA,4,0,1,10,3530,4-20 Germany vs Ireland,2023,B. Gillis,C. Kelly,NA,NA,NA,J. Laux,J. McMillan,No Rebound,NA,No Shot Block,NA
Eddy,4/20/24,Germany,Ireland,4,1:42:05,4,5,5,Germany,Shot,Set,35,0.183172294,0.332763458,Right Leg,157.4388713,Goal,No,none,Assisted,52,53,NA,NA,NA,NA,NA,NA,NA,NA,4,0,1,5,3535,4-20 Germany vs Ireland,2023,E. Morgan,G. Weber,L. Stetzka,NA,NA,J. Laux,J. McMillan,No Rebound,NA,No Shot Block,NA
Eddy,4/20/24,Germany,Ireland,4,1:42:53,19,5,5,Germany,Shot,Set,52,0.162087638,0.697230669,Chest,209.2911603,Miss,No,Clean Save,Movement,NA,NA,NA,NA,NA,NA,NA,NA,NA,NA,4,0,1,53,3487,4-20 Germany vs Ireland,2023,G. Weber,NA,NA,NA,NA,J. Laux,J. McMillan,No Rebound,NA,No Shot Block,NA
Eddy,4/20/24,Germany,Ireland,4,1:43:09,19,5,5,Ireland,Shot,Transition,88,0.83820228,0.444798126,5-Hole,277.6285836,Goal,No,none,Assisted,24,NA,NA,NA,NA,NA,NA,NA,NA,NA,4,0,1,9,3531,4-20 Germany vs Ireland,2023,B. Gillis,P. Corbett,NA,NA,NA,J. Laux,J. McMillan,No Rebound,NA,No Shot Block,NA
Eddy,4/20/24,Germany,Ireland,4,1:44:36,10,5,5,Germany,Shot,Set,77,0.235181113,0.527051426,5-Hole,283.3231475,Miss,No,Clean Save,Movement,NA,NA,NA,NA,NA,NA,NA,NA,NA,NA,4,0,1,36,3504,4-20 Germany vs Ireland,2023,P. Olters,NA,NA,NA,NA,J. Laux,J. McMillan,No Rebound,NA,No Shot Block,NA
Eddy,4/20/24,Germany,Ireland,4,1:44:54,14,5,5,Ireland,Shot,Set,87,0.79322168,0.692976188,Right Miss,75.76527659,Miss,No,Not On Net,Assisted,88,NA,Defensive,60,NA,NA,NA,NA,NA,NA,4,0,1,54,3486,4-20 Germany vs Ireland,2023,B. O'Sullivan,B. Gillis,NA,NA,NA,J. Laux,J. McMillan,Germany,F. Mueller Puente,No Shot Block,NA
Eddy,4/20/24,Germany,Ireland,4,1:45:08,21,5,5,Germany,Turnover,Transition,34,0.356066475,0.158329734,NA,NA,NA,NA,NA,NA,NA,NA,NA,NA,NA,NA,NA,NA,NA,Interrupted Pass,4,0,1,8,3532,4-20 Germany vs Ireland,2023,T. Sander,NA,NA,NA,NA,J. Laux,J. McMillan,No Rebound,NA,No Shot Block,NA
Eddy,4/20/24,Germany,Ireland,4,1:45:38,24,5,5,Ireland,Shot,Set,24,0.872640552,0.352617703,Left Miss,207.5599645,Miss,No,Not On Net,Movement,NA,NA,Offensive,90,NA,NA,NA,NA,NA,NA,4,0,1,38,3502,4-20 Germany vs Ireland,2023,P. Corbett,NA,NA,NA,NA,J. Laux,J. McMillan,Ireland,S. Keane,No Shot Block,NA
Eddy,4/20/24,Germany,Ireland,4,1:45:46,16,5,5,Ireland,Shot,Set,86,0.755269299,0.475997654,Left Shoulder,288.5393844,Miss,No,Not Clean,Assisted,90,NA,Offensive,86,NA,NA,NA,NA,NA,NA,4,0,1,46,3494,4-20 Germany vs Ireland,2023,L. Moloney,S. Keane,NA,NA,NA,J. Laux,J. McMillan,Ireland,L. Moloney,No Shot Block,NA
Eddy,4/20/24,Germany,Ireland,4,1:46:15,11,5,6,Ireland,Shot,Set,14,0.855070005,0.487342936,Under Right Arm,203.542105,Goal,No,none,Assisted,24,NA,NA,NA,NA,NA,NA,NA,NA,NA,4,0,1,15,3525,4-20 Germany vs Ireland,2023,P. Brosnan,P. Corbett,NA,NA,NA,J. Laux,J. McMillan,No Rebound,NA,No Shot Block,NA
Eddy,4/20/24,Germany,Ireland,4,1:47:04,55,5,5,Germany,Shot,Set,55,0.171927144,0.345526901,Left Leg,77.46550175,Miss,No,Not Clean,Assisted,44,NA,Offensive,55,NA,NA,NA,NA,NA,NA,4,0,1,4,3536,4-20 Germany vs Ireland,2023,D. Beckmann,K. Sontowski,NA,NA,NA,J. Laux,J. McMillan,Germany,D. Beckmann,No Shot Block,NA
Eddy,4/20/24,Germany,Ireland,4,1:47:47,22,4,5,Ireland,Shot,Set,24,0.847338965,0.527051426,Left Miss,160.357552,Miss,No,Not On Net,Movement,NA,NA,Defensive,59,NA,NA,NA,NA,NA,NA,4,0,1,47,3493,4-20 Germany vs Ireland,2023,P. Corbett,NA,NA,NA,NA,J. Laux,J. McMillan,Germany,B. Wendt,No Shot Block,NA
Eddy,4/20/24,Germany,Ireland,4,1:47:56,23,4,5,Germany,Shot,Transition,54,0.118512682,0.511451663,Left Leg,199.8949757,Miss,No,Clean Save,Movement,NA,NA,NA,NA,NA,NA,NA,NA,NA,NA,4,0,1,56,3484,4-20 Germany vs Ireland,2023,P. Schilling,NA,NA,NA,NA,J. Laux,J. McMillan,No Rebound,NA,No Shot Block,NA
Eddy,4/20/24,Germany,Ireland,4,1:48:21,11,4,5,Ireland,Shot,Set,88,0.857881293,0.335599779,NA,209.8669937,Blocked,No,NA,Assisted,77,NA,None,NA,59,NA,NA,NA,NA,NA,4,0,1,21,3519,4-20 Germany vs Ireland,2023,B. Gillis,C. Kelly,NA,NA,NA,J. Laux,J. McMillan,No Rebound,NA,Germany,B. Wendt
Eddy,4/20/24,Germany,Ireland,4,1:48:29,27,4,5,Ireland,Turnover,Set,90,0.92816348,0.848973827,NA,NA,NA,NA,NA,NA,NA,NA,NA,NA,NA,NA,NA,NA,NA,Interrupted Pass,4,0,1,29,3511,4-20 Germany vs Ireland,2023,S. Keane,NA,NA,NA,NA,J. Laux,J. McMillan,No Rebound,NA,No Shot Block,NA
Eddy,4/20/24,Germany,Ireland,4,1:48:39,21,4,5,Germany,Turnover,Transition,54,0.113592929,0.429198362,NA,NA,NA,NA,NA,NA,NA,NA,NA,NA,NA,NA,NA,NA,NA,Ball Lost,4,0,1,39,3501,4-20 Germany vs Ireland,2023,P. Schilling,NA,NA,NA,NA,J. Laux,J. McMillan,No Rebound,NA,No Shot Block,NA
Eddy,4/20/24,Germany,Ireland,4,1:49:40,21,4,4,Germany,Turnover,Set,77,-0.008698077,0.779483969,NA,NA,NA,NA,NA,NA,NA,NA,NA,NA,NA,NA,NA,NA,NA,Ball Lost,4,0,1,40,3500,4-20 Germany vs Ireland,2023,P. Olters,NA,NA,NA,NA,J. Laux,J. McMillan,No Rebound,NA,No Shot Block,NA
Eddy,4/20/24,Germany,Ireland,4,1:49:47,25,4,4,Ireland,Shot,Transition,7,0.829768418,0.359708505,Left Leg,203.6208446,Miss,No,Not Clean,Movement,NA,NA,Offensive,8,NA,NA,NA,NA,NA,NA,4,0,1,47,3493,4-20 Germany vs Ireland,2023,N. D'Amico,NA,NA,NA,NA,J. Laux,J. McMillan,Ireland,D. O'Gorman,No Shot Block,NA
Eddy,4/20/24,Germany,Ireland,4,1:50:13,7,4,5,Ireland,Shot,Set,88,0.930271946,0.345526901,Chest,308.3756768,Miss,No,Clean Save,Assisted,24,77,NA,NA,NA,NA,NA,NA,NA,NA,4,0,1,13,3527,4-20 Germany vs Ireland,2023,B. Gillis,P. Corbett,C. Kelly,NA,NA,J. Laux,J. McMillan,No Rebound,NA,No Shot Block,NA
Eddy,4/20/24,Germany,Ireland,4,1:50:58,19,3,4,Ireland,Turnover,Set,24,0.915512686,0.687303546,NA,NA,NA,NA,NA,NA,NA,NA,NA,NA,NA,NA,NA,NA,NA,Interrupted Pass,4,0,1,58,3482,4-20 Germany vs Ireland,2023,P. Corbett,NA,NA,NA,NA,J. Laux,J. McMillan,No Rebound,NA,No Shot Block,NA
Eddy,4/20/24,Germany,Ireland,4,1:51:17,25,4,4,Ireland,Shot,Transition,24,0.848744608,0.447634447,Under Left Arm,210.3627666,Goal,No,none,Movement,NA,NA,NA,NA,NA,NA,NA,NA,NA,NA,4,0,1,17,3523,4-20 Germany vs Ireland,2023,P. Corbett,NA,NA,NA,NA,J. Laux,J. McMillan,No Rebound,NA,No Shot Block,NA
Eddy,4/20/24,Germany,Ireland,4,1:52:31,26,4,3,Germany,Shot,Set,53,0.20425695,0.395162514,Left Shoulder,130.6791899,Miss,No,Not Clean,Assisted,77,NA,Offensive,58,NA,NA,NA,NA,NA,NA,4,0,1,31,3509,4-20 Germany vs Ireland,2023,L. Stetzka,P. Olters,NA,NA,NA,J. Laux,J. McMillan,Germany,P. Weber,No Shot Block,NA
Eddy,4/20/24,Germany,Ireland,4,1:52:39,24,4,3,Germany,Shot,Set,77,0.229558538,0.566759916,Left Shoulder,281.741301,Miss,No,Not Clean,Assisted,53,NA,Offensive,53,NA,NA,NA,NA,NA,NA,4,0,1,39,3501,4-20 Germany vs Ireland,2023,P. Olters,L. Stetzka,NA,NA,NA,J. Laux,J. McMillan,Germany,L. Stetzka,No Shot Block,NA
Eddy,4/20/24,Germany,Ireland,4,1:52:48,29,4,3,Germany,Shot,Set,53,0.161384816,0.352617703,Under Left Arm,150.1433119,Miss,No,Clean Save,Movement,NA,NA,NA,NA,NA,NA,NA,NA,NA,NA,4,0,1,48,3492,4-20 Germany vs Ireland,2023,L. Stetzka,NA,NA,NA,NA,J. Laux,J. McMillan,No Rebound,NA,No Shot Block,NA
Eddy,4/20/24,Germany,Ireland,4,1:53:19,2,4,4,Ireland,Shot,Set,88,0.810792227,0.273200723,Left Miss,255.7906888,Miss,No,Not On Net,Movement,NA,NA,None,NA,NA,NA,NA,NA,NA,NA,4,0,1,19,3521,4-20 Germany vs Ireland,2023,B. Gillis,NA,NA,NA,NA,J. Laux,J. McMillan,No Rebound,NA,No Shot Block,NA
Eddy,4/20/24,Germany,Ireland,4,1:53:42,15,4,4,Germany,Shot,Set,77,0.146625557,0.346945061,Left Miss,113.3413255,Miss,No,Not On Net,Assisted,58,NA,Defensive,0,NA,NA,NA,NA,NA,NA,4,0,1,42,3498,4-20 Germany vs Ireland,2023,P. Olters,P. Weber,NA,NA,NA,J. Laux,J. McMillan,Ireland,J. McMillan,No Shot Block,NA
Eddy,4/20/24,Germany,Ireland,4,1:54:26,52,4,4,Germany,Shot,Set,52,0.171927144,0.356872184,Right Miss,266.1101195,Miss,No,Not On Net,Movement,NA,NA,Defensive,56,NA,NA,NA,NA,NA,NA,4,0,1,26,3514,4-20 Germany vs Ireland,2023,G. Weber,NA,NA,NA,NA,J. Laux,J. McMillan,Ireland,M. Shea,No Shot Block,NA
Eddy,4/20/24,Germany,Ireland,4,1:55:19,18,5,5,Germany,Turnover,Set,47,0.145219913,0.98369906,NA,NA,NA,NA,NA,NA,NA,NA,NA,NA,NA,NA,NA,NA,NA,Stray Pass,4,0,1,19,3521,4-20 Germany vs Ireland,2023,L. Böhm,NA,NA,NA,NA,J. Laux,J. McMillan,No Rebound,NA,No Shot Block,NA
Eddy,4/20/24,Germany,Ireland,4,1:55:30,28,5,5,Ireland,Turnover,Transition,89,0.222530319,0.725593876,NA,NA,NA,NA,NA,NA,NA,NA,NA,NA,NA,NA,NA,NA,NA,Stray Pass,4,0,1,30,3510,4-20 Germany vs Ireland,2023,J. Stahl,NA,NA,NA,NA,J. Laux,J. McMillan,No Rebound,NA,No Shot Block,NA
Eddy,4/20/24,Germany,Ireland,4,1:56:22,23,4,5,Ireland,Shot,Set,77,0.778462421,0.504360861,Left Shoulder,150.7272977,Miss,No,Not Clean,Assisted,88,NA,Defensive,48,NA,NA,NA,NA,NA,NA,4,0,1,22,3518,4-20 Germany vs Ireland,2023,C. Kelly,B. Gillis,NA,NA,NA,J. Laux,J. McMillan,Germany,M. Becker,No Shot Block,NA
Eddy,4/20/24,Germany,Ireland,4,1:57:38,6,4,5,Ireland,Shot,Set,88,0.897239318,0.396580674,5-Hole,229.3100159,Miss,No,Not Clean,Movement,NA,NA,Defensive,59,NA,NA,NA,NA,NA,NA,4,0,1,38,3502,4-20 Germany vs Ireland,2023,B. Gillis,NA,NA,NA,NA,J. Laux,J. McMillan,Germany,B. Wendt,No Shot Block,NA